{"avg_top1": 0.947710231014579, "avg_top10": 0.9196106129352467, "avg_top100": 0.8312792690171547, "auc_top1": 0.014215653465218685, "auc_top10": 0.013509673751166533, "auc_top100": 0.011233041714248057, "avg_sa": 3.0384706774416497, "diversity_top100": 0.8726446910330259, "n_oracle": 200, "_timestamp": 1739674318.7324054, "_runtime": 8.497806310653687, "_step": 1, "_wandb": {"runtime": 8}}