{"avg_top1": 0.947710231014579, "avg_top10": 0.9467332929192416, "avg_top100": 0.9363578846105969, "auc_top1": 0.08055536963623922, "auc_top10": 0.07955790171918009, "auc_top100": 0.07472508441561085, "avg_sa": 2.4892430310471, "diversity_top100": 0.839681027812017, "n_oracle": 900, "_timestamp": 1739674291.232566, "_runtime": 41.56938314437866, "_step": 8, "_wandb": {"runtime": 43}}